{"cameraMode":{"drawMode":0,"name":"Shaded","section":"Shading Mode"},"sceneLighting":true,"audioPlay":false,"sceneViewState":{"showFog":true,"showMaterialUpdate":false,"showSkybox":true,"showFlares":true,"showImageEffects":true,"showParticleSystems":true},"in2DMode":false,"pivot":{"x":-0.1408224105834961,"y":-2.7642765045166017,"z":18.964012145996095},"rotation":{"x":-0.2707613408565521,"y":0.20509906113147736,"z":-0.05912330374121666,"w":-0.9387146234512329},"size":14.866281509399414,"orthographic":false}