{"cameraMode":{"drawMode":0,"name":"Shaded","section":"Shading Mode"},"sceneLighting":false,"audioPlay":false,"sceneViewState":{"showFog":true,"showMaterialUpdate":false,"showSkybox":false,"showFlares":true,"showImageEffects":true,"showParticleSystems":true},"in2DMode":false,"pivot":{"x":3.2199997901916506,"y":4.393794059753418,"z":9.053793907165528},"rotation":{"x":-0.1411985456943512,"y":0.828562319278717,"z":-0.48526373505592348,"w":-0.24113713204860688},"size":1.995386004447937,"orthographic":false}